brand_name,parent_company_name,id,validated,submission_type,submission_id,year,item_description,type_product,type_material,layer,name_of_lead,is_trained,organization,volunteer,start_of_audit,end_of_audit,time_spent,city,province,country,continent,type_of_audit,specifics_of_audit,event_total_count,event_id,longitude_most_specific,latitude_most_specific,location_specificity,total_count,proportion
7-eleven,seven & i holdings co.,q639447,true,Excel Template Old,220,2018,null,null,o,null,27,null,536,15,2018-09-16,2018-09-16,,new york,ny,united states of america,north america,outdoor,inland,1074,Excel Template Old_220_2018,-74.0060152,40.7127281,city,1,0.000931098696461825
7 eleven,seven & i holdings co.,q639447,true,Excel Template Old,220,2018,null,null,null,null,27,null,536,15,2018-09-16,2018-09-16,,new york,ny,united states of america,north america,outdoor,inland,1074,Excel Template Old_220_2018,-74.0060152,40.7127281,city,1,0.000931098696461825
7 eleven,seven & i holdings co.,q639447,true,Excel Template Old,220,2018,null,null,pet,null,27,null,536,15,2018-09-16,2018-09-16,,new york,ny,united states of america,north america,outdoor,inland,1074,Excel Template Old_220_2018,-74.0060152,40.7127281,city,2,0.00186219739292365
7 eleven peanuts,reitan group,reitan group,false,Excel Template Old,220,2018,null,null,null,null,27,null,536,15,2018-09-16,2018-09-16,,new york,ny,united states of america,north america,outdoor,inland,1074,Excel Template Old_220_2018,-74.0060152,40.7127281,city,1,0.000931098696461825
airheads,perfetti van melle,q612524,false,Excel Template Old,220,2018,null,null,null,null,27,null,536,15,2018-09-16,2018-09-16,,new york,ny,united states of america,north america,outdoor,inland,1074,Excel Template Old_220_2018,-74.0060152,40.7127281,city,1,0.000931098696461825
amazon,amazon,q3884,false,Excel Template Old,220,2018,null,null,null,null,27,null,536,15,2018-09-16,2018-09-16,,new york,ny,united states of america,north america,outdoor,inland,1074,Excel Template Old_220_2018,-74.0060152,40.7127281,city,1,0.000931098696461825
amazon,amazon,q3884,false,Excel Template Old,220,2018,null,null,o,null,27,null,536,15,2018-09-16,2018-09-16,,new york,ny,united states of america,north america,outdoor,inland,1074,Excel Template Old_220_2018,-74.0060152,40.7127281,city,2,0.00186219739292365
anzu (ihip),anzu (ihip),anzu (ihip),false,Excel Template Old,220,2018,null,null,null,null,27,null,536,15,2018-09-16,2018-09-16,,new york,ny,united states of america,north america,outdoor,inland,1074,Excel Template Old_220_2018,-74.0060152,40.7127281,city,1,0.000931098696461825
anzu (ihip),anzu (ihip),anzu (ihip),false,Excel Template Old,220,2018,null,null,o,null,27,null,536,15,2018-09-16,2018-09-16,,new york,ny,united states of america,north america,outdoor,inland,1074,Excel Template Old_220_2018,-74.0060152,40.7127281,city,1,0.000931098696461825
aquafina,pepsico,q334800,true,Excel Template Old,220,2018,null,null,pet,null,27,null,536,15,2018-09-16,2018-09-16,,new york,ny,united states of america,north america,outdoor,inland,1074,Excel Template Old_220_2018,-74.0060152,40.7127281,city,1,0.000931098696461825
arizona,arizona beverage company,q4791249,true,Excel Template Old,220,2018,null,null,pet,null,27,null,536,15,2018-09-16,2018-09-16,,new york,ny,united states of america,north america,outdoor,inland,1074,Excel Template Old_220_2018,-74.0060152,40.7127281,city,1,0.000931098696461825
austin,kellogg's,q856897,false,Excel Template Old,220,2018,null,null,null,null,27,null,536,15,2018-09-16,2018-09-16,,new york,ny,united states of america,north america,outdoor,inland,1074,Excel Template Old_220_2018,-74.0060152,40.7127281,city,1,0.000931098696461825
bare gucci og,bare gucci og,bare gucci og,false,Excel Template Old,220,2018,null,null,null,null,27,null,536,15,2018-09-16,2018-09-16,,new york,ny,united states of america,north america,outdoor,inland,1074,Excel Template Old_220_2018,-74.0060152,40.7127281,city,1,0.000931098696461825
barefoot wine,e&j gallo winery,e&j gallo winery,false,Excel Template Old,220,2018,null,null,pet,null,27,null,536,15,2018-09-16,2018-09-16,,new york,ny,united states of america,north america,outdoor,inland,1074,Excel Template Old_220_2018,-74.0060152,40.7127281,city,1,0.000931098696461825
baskin robbins,inspire brands,q55074808,false,Excel Template Old,220,2018,null,null,null,null,27,null,536,15,2018-09-16,2018-09-16,,new york,ny,united states of america,north america,outdoor,inland,1074,Excel Template Old_220_2018,-74.0060152,40.7127281,city,1,0.000931098696461825
baskin robbins,inspire brands,q55074808,false,Excel Template Old,220,2018,null,null,pp,null,27,null,536,15,2018-09-16,2018-09-16,,new york,ny,united states of america,north america,outdoor,inland,1074,Excel Template Old_220_2018,-74.0060152,40.7127281,city,1,0.000931098696461825
bazzini,bazzini,bazzini,false,Excel Template Old,220,2018,null,null,null,null,27,null,536,15,2018-09-16,2018-09-16,,new york,ny,united states of america,north america,outdoor,inland,1074,Excel Template Old_220_2018,-74.0060152,40.7127281,city,1,0.000931098696461825
big win,"big win, big win","big win, big win",false,Excel Template Old,220,2018,null,null,pet,null,27,null,536,15,2018-09-16,2018-09-16,,new york,ny,united states of america,north america,outdoor,inland,1074,Excel Template Old_220_2018,-74.0060152,40.7127281,city,1,0.000931098696461825
blossomwater,blossomwater,blossomwater,false,Excel Template Old,220,2018,null,null,pet,null,27,null,536,15,2018-09-16,2018-09-16,,new york,ny,united states of america,north america,outdoor,inland,1074,Excel Template Old_220_2018,-74.0060152,40.7127281,city,1,0.000931098696461825
bon appetit,bon appetit,bon appetit,false,Excel Template Old,220,2018,null,null,null,null,27,null,536,15,2018-09-16,2018-09-16,,new york,ny,united states of america,north america,outdoor,inland,1074,Excel Template Old_220_2018,-74.0060152,40.7127281,city,1,0.000931098696461825
brisk,pepsico,q334800,true,Excel Template Old,220,2018,null,null,pet,null,27,null,536,15,2018-09-16,2018-09-16,,new york,ny,united states of america,north america,outdoor,inland,1074,Excel Template Old_220_2018,-74.0060152,40.7127281,city,1,0.000931098696461825
brisk,pepsico,q334800,true,Excel Template Old,220,2018,null,null,pp,null,27,null,536,15,2018-09-16,2018-09-16,,new york,ny,united states of america,north america,outdoor,inland,1074,Excel Template Old_220_2018,-74.0060152,40.7127281,city,1,0.000931098696461825
brooklyn delights,brooklyn delights,brooklyn delights,false,Excel Template Old,220,2018,null,null,pp,null,27,null,536,15,2018-09-16,2018-09-16,,new york,ny,united states of america,north america,outdoor,inland,1074,Excel Template Old_220_2018,-74.0060152,40.7127281,city,1,0.000931098696461825
budweiser,anheuser-busch inbev,q128738,false,Excel Template Old,220,2018,null,null,o,null,27,null,536,15,2018-09-16,2018-09-16,,new york,ny,united states of america,north america,outdoor,inland,1074,Excel Template Old_220_2018,-74.0060152,40.7127281,city,4,0.0037243947858473
calsberg,calsberg,calsberg,false,Excel Template Old,220,2018,null,null,o,null,27,null,536,15,2018-09-16,2018-09-16,,new york,ny,united states of america,north america,outdoor,inland,1074,Excel Template Old_220_2018,-74.0060152,40.7127281,city,1,0.000931098696461825
canada dry,jab holding company,q1691896,false,Excel Template Old,220,2018,null,null,o,null,27,null,536,15,2018-09-16,2018-09-16,,new york,ny,united states of america,north america,outdoor,inland,1074,Excel Template Old_220_2018,-74.0060152,40.7127281,city,4,0.0037243947858473
canada dry,jab holding company,q1691896,false,Excel Template Old,220,2018,null,null,pet,null,27,null,536,15,2018-09-16,2018-09-16,,new york,ny,united states of america,north america,outdoor,inland,1074,Excel Template Old_220_2018,-74.0060152,40.7127281,city,1,0.000931098696461825
chatwal spring water,chatwal spring water,chatwal spring water,false,Excel Template Old,220,2018,null,null,pet,null,27,null,536,15,2018-09-16,2018-09-16,,new york,ny,united states of america,north america,outdoor,inland,1074,Excel Template Old_220_2018,-74.0060152,40.7127281,city,1,0.000931098696461825
cheetos,pepsico,q334800,true,Excel Template 2020,10,2021,chips bag,food packaging,pp,single-layer,71,no,258,12,2021-04-14,2021-04-24,2,bronx,new york,united states of america,north america,outdoor,coastal,905,Excel Template 2020_10_2021,-73.8785937,40.8466508,city,2,0.00220994475138122
cheyenne tobacco,cheyenne tobacco,cheyenne tobacco,false,Excel Template Old,220,2018,null,null,o,null,27,null,536,15,2018-09-16,2018-09-16,,new york,ny,united states of america,north america,outdoor,inland,1074,Excel Template Old_220_2018,-74.0060152,40.7127281,city,1,0.000931098696461825
chipotle,chipotle,chipotle,false,Excel Template Old,220,2018,null,null,o,null,27,null,536,15,2018-09-16,2018-09-16,,new york,ny,united states of america,north america,outdoor,inland,1074,Excel Template Old_220_2018,-74.0060152,40.7127281,city,3,0.00279329608938548
chipotle,chipotle,chipotle,false,Excel Template Old,220,2018,null,null,ps,null,27,null,536,15,2018-09-16,2018-09-16,,new york,ny,united states of america,north america,outdoor,inland,1074,Excel Template Old_220_2018,-74.0060152,40.7127281,city,1,0.000931098696461825
claritin,bayer,q152051,false,Excel Template Old,220,2018,null,null,null,null,27,null,536,15,2018-09-16,2018-09-16,,new york,ny,united states of america,north america,outdoor,inland,1074,Excel Template Old_220_2018,-74.0060152,40.7127281,city,1,0.000931098696461825
clif bar,clif bar,q5132493,false,Excel Template Old,220,2018,null,null,null,null,27,null,536,15,2018-09-16,2018-09-16,,new york,ny,united states of america,north america,outdoor,inland,1074,Excel Template Old_220_2018,-74.0060152,40.7127281,city,1,0.000931098696461825
coca cola,the coca-cola company,q3295867,true,Excel Template Old,220,2018,null,null,o,null,27,null,536,15,2018-09-16,2018-09-16,,new york,ny,united states of america,north america,outdoor,inland,1074,Excel Template Old_220_2018,-74.0060152,40.7127281,city,1,0.000931098696461825
coca cola,the coca-cola company,q3295867,true,Excel Template Old,220,2018,null,null,pp,null,27,null,536,15,2018-09-16,2018-09-16,,new york,ny,united states of america,north america,outdoor,inland,1074,Excel Template Old_220_2018,-74.0060152,40.7127281,city,2,0.00186219739292365
colgate,colgate-palmolive company,q609466,true,Excel Template Old,220,2018,null,null,pp,null,27,null,536,15,2018-09-16,2018-09-16,,new york,ny,united states of america,north america,outdoor,inland,1074,Excel Template Old_220_2018,-74.0060152,40.7127281,city,2,0.00186219739292365
coors,molson coors brewing company,q3319685,false,Excel Template Old,220,2018,null,null,o,null,27,null,536,15,2018-09-16,2018-09-16,,new york,ny,united states of america,north america,outdoor,inland,1074,Excel Template Old_220_2018,-74.0060152,40.7127281,city,3,0.00279329608938548
corona,anheuser-busch inbev,q128738,true,Excel Template Old,220,2018,null,null,o,null,27,null,536,15,2018-09-16,2018-09-16,,new york,ny,united states of america,north america,outdoor,inland,1074,Excel Template Old_220_2018,-74.0060152,40.7127281,city,12,0.0111731843575419
crystal,the coca-cola company,q3295867,true,Excel Template Old,220,2018,null,null,pet,null,27,null,536,15,2018-09-16,2018-09-16,,new york,ny,united states of america,north america,outdoor,inland,1074,Excel Template Old_220_2018,-74.0060152,40.7127281,city,1,0.000931098696461825
dart,dart container,q5225569,true,Excel Template Old,220,2018,null,null,ps,null,27,null,536,15,2018-09-16,2018-09-16,,new york,ny,united states of america,north america,outdoor,inland,1074,Excel Template Old_220_2018,-74.0060152,40.7127281,city,4,0.0037243947858473
dial,dial,dial,false,Excel Template Old,220,2018,null,null,hdpe,null,27,null,536,15,2018-09-16,2018-09-16,,new york,ny,united states of america,north america,outdoor,inland,1074,Excel Template Old_220_2018,-74.0060152,40.7127281,city,1,0.000931098696461825
dopaco,dopaco,dopaco,false,Excel Template Old,220,2018,null,null,ps,null,27,null,536,15,2018-09-16,2018-09-16,,new york,ny,united states of america,north america,outdoor,inland,1074,Excel Template Old_220_2018,-74.0060152,40.7127281,city,3,0.00279329608938548
doritos,pepsico,q334800,true,Excel Template Old,220,2018,null,null,null,null,27,null,536,15,2018-09-16,2018-09-16,,new york,ny,united states of america,north america,outdoor,inland,1074,Excel Template Old_220_2018,-74.0060152,40.7127281,city,2,0.00186219739292365
dove,"mars, incorporated",q695087,true,Excel Template Old,220,2018,null,null,null,null,27,null,536,15,2018-09-16,2018-09-16,,new york,ny,united states of america,north america,outdoor,inland,1074,Excel Template Old_220_2018,-74.0060152,40.7127281,city,1,0.000931098696461825
dunhill,british american tobacco,q856411,true,Excel Template Old,220,2018,null,null,null,null,27,null,536,15,2018-09-16,2018-09-16,,new york,ny,united states of america,north america,outdoor,inland,1074,Excel Template Old_220_2018,-74.0060152,40.7127281,city,2,0.00186219739292365
dunkin donuts,inspire brands,q55074808,true,Excel Template Old,220,2018,null,null,null,null,27,null,536,15,2018-09-16,2018-09-16,,new york,ny,united states of america,north america,outdoor,inland,1074,Excel Template Old_220_2018,-74.0060152,40.7127281,city,2,0.00186219739292365
dunkin donuts,inspire brands,q55074808,true,Excel Template Old,220,2018,null,null,ps,null,27,null,536,15,2018-09-16,2018-09-16,,new york,ny,united states of america,north america,outdoor,inland,1074,Excel Template Old_220_2018,-74.0060152,40.7127281,city,1,0.000931098696461825
eco product,waddington group,waddington group,false,Excel Template Old,220,2018,null,null,pp,null,27,null,536,15,2018-09-16,2018-09-16,,new york,ny,united states of america,north america,outdoor,inland,1074,Excel Template Old_220_2018,-74.0060152,40.7127281,city,1,0.000931098696461825
ecosmart,ecosmart,ecosmart,false,Excel Template Old,220,2018,null,null,pet,null,27,null,536,15,2018-09-16,2018-09-16,,new york,ny,united states of america,north america,outdoor,inland,1074,Excel Template Old_220_2018,-74.0060152,40.7127281,city,1,0.000931098696461825
energizer,energizer,energizer,false,Excel Template Old,220,2018,null,null,null,null,27,null,536,15,2018-09-16,2018-09-16,,new york,ny,united states of america,north america,outdoor,inland,1074,Excel Template Old_220_2018,-74.0060152,40.7127281,city,1,0.000931098696461825
ensure,abbott laboratories,q306764,false,Excel Template Old,220,2018,null,null,pet,null,27,null,536,15,2018-09-16,2018-09-16,,new york,ny,united states of america,north america,outdoor,inland,1074,Excel Template Old_220_2018,-74.0060152,40.7127281,city,1,0.000931098696461825
ensure,abbott laboratories,q306764,false,Excel Template Old,220,2018,null,null,pp,null,27,null,536,15,2018-09-16,2018-09-16,,new york,ny,united states of america,north america,outdoor,inland,1074,Excel Template Old_220_2018,-74.0060152,40.7127281,city,1,0.000931098696461825
entenmannâ€™s,entenmannâ€™s,entenmannâ€™s,false,Excel Template Old,220,2018,null,null,null,null,27,null,536,15,2018-09-16,2018-09-16,,new york,ny,united states of america,north america,outdoor,inland,1074,Excel Template Old_220_2018,-74.0060152,40.7127281,city,1,0.000931098696461825
entourage,entourage,entourage,false,Excel Template Old,220,2018,null,null,null,null,27,null,536,15,2018-09-16,2018-09-16,,new york,ny,united states of america,north america,outdoor,inland,1074,Excel Template Old_220_2018,-74.0060152,40.7127281,city,1,0.000931098696461825
essentia,"essentia, essentia water, llc","essentia, essentia water, llc",false,Excel Template Old,220,2018,null,null,pet,null,27,null,536,15,2018-09-16,2018-09-16,,new york,ny,united states of america,north america,outdoor,inland,1074,Excel Template Old_220_2018,-74.0060152,40.7127281,city,1,0.000931098696461825
ez seal,ez seal,ez seal,false,Excel Template Old,220,2018,null,null,ps,null,27,null,536,15,2018-09-16,2018-09-16,,new york,ny,united states of america,north america,outdoor,inland,1074,Excel Template Old_220_2018,-74.0060152,40.7127281,city,1,0.000931098696461825
fedex,fedex,fedex,false,Excel Template Old,220,2018,null,null,o,null,27,null,536,15,2018-09-16,2018-09-16,,new york,ny,united states of america,north america,outdoor,inland,1074,Excel Template Old_220_2018,-74.0060152,40.7127281,city,1,0.000931098696461825
fiber one,fiber one,fiber one,false,Excel Template Old,220,2018,null,null,null,null,27,null,536,15,2018-09-16,2018-09-16,,new york,ny,united states of america,north america,outdoor,inland,1074,Excel Template Old_220_2018,-74.0060152,40.7127281,city,1,0.000931098696461825
fiji,the wonderful company,q7360876,false,Excel Template Old,220,2018,null,null,pet,null,27,null,536,15,2018-09-16,2018-09-16,,new york,ny,united states of america,north america,outdoor,inland,1074,Excel Template Old_220_2018,-74.0060152,40.7127281,city,1,0.000931098696461825
fiji,the wonderful company,q7360876,false,Excel Template Old,220,2018,null,null,pp,null,27,null,536,15,2018-09-16,2018-09-16,,new york,ny,united states of america,north america,outdoor,inland,1074,Excel Template Old_220_2018,-74.0060152,40.7127281,city,1,0.000931098696461825
fineline,"neo corporate co.,ltd.","neo corporate co.,ltd.",false,Excel Template Old,220,2018,null,null,pp,null,27,null,536,15,2018-09-16,2018-09-16,,new york,ny,united states of america,north america,outdoor,inland,1074,Excel Template Old_220_2018,-74.0060152,40.7127281,city,1,0.000931098696461825
four local,four brewing co.,four brewing co.,false,Excel Template Old,220,2018,null,null,o,null,27,null,536,15,2018-09-16,2018-09-16,,new york,ny,united states of america,north america,outdoor,inland,1074,Excel Template Old_220_2018,-74.0060152,40.7127281,city,1,0.000931098696461825
gatorade,pepsico,q334800,true,Excel Template Old,220,2018,null,null,pet,null,27,null,536,15,2018-09-16,2018-09-16,,new york,ny,united states of america,north america,outdoor,inland,1074,Excel Template Old_220_2018,-74.0060152,40.7127281,city,4,0.0037243947858473
gatorade,pepsico,q334800,true,Excel Template Old,220,2018,null,null,pp,null,27,null,536,15,2018-09-16,2018-09-16,,new york,ny,united states of america,north america,outdoor,inland,1074,Excel Template Old_220_2018,-74.0060152,40.7127281,city,2,0.00186219739292365
golden bowl,golden bowl,golden bowl,false,Excel Template Old,220,2018,null,null,null,null,27,null,536,15,2018-09-16,2018-09-16,,new york,ny,united states of america,north america,outdoor,inland,1074,Excel Template Old_220_2018,-74.0060152,40.7127281,city,1,0.000931098696461825
grandma's,pepsico,q334800,false,Excel Template Old,220,2018,null,null,null,null,27,null,536,15,2018-09-16,2018-09-16,,new york,ny,united states of america,north america,outdoor,inland,1074,Excel Template Old_220_2018,-74.0060152,40.7127281,city,1,0.000931098696461825
gregoryâ€™s coffee,gregoryâ€™s coffee,gregoryâ€™s coffee,false,Excel Template Old,220,2018,null,null,null,null,27,null,536,15,2018-09-16,2018-09-16,,new york,ny,united states of america,north america,outdoor,inland,1074,Excel Template Old_220_2018,-74.0060152,40.7127281,city,1,0.000931098696461825
haagen dazs,general mills,q629998,false,Excel Template Old,220,2018,null,null,null,null,27,null,536,15,2018-09-16,2018-09-16,,new york,ny,united states of america,north america,outdoor,inland,1074,Excel Template Old_220_2018,-74.0060152,40.7127281,city,1,0.000931098696461825
halls,mondelez international,q12857502,true,Excel Template Old,220,2018,null,null,null,null,27,null,536,15,2018-09-16,2018-09-16,,new york,ny,united states of america,north america,outdoor,inland,1074,Excel Template Old_220_2018,-74.0060152,40.7127281,city,1,0.000931098696461825
happy baby,happy baby,happy baby,false,Excel Template Old,220,2018,null,null,null,null,27,null,536,15,2018-09-16,2018-09-16,,new york,ny,united states of america,north america,outdoor,inland,1074,Excel Template Old_220_2018,-74.0060152,40.7127281,city,1,0.000931098696461825
hd,hd,hd,false,Excel Template Old,220,2018,null,null,pp,null,27,null,536,15,2018-09-16,2018-09-16,,new york,ny,united states of america,north america,outdoor,inland,1074,Excel Template Old_220_2018,-74.0060152,40.7127281,city,2,0.00186219739292365
heineken,l’arche green,q28861110,true,Excel Template Old,220,2018,null,null,o,null,27,null,536,15,2018-09-16,2018-09-16,,new york,ny,united states of america,north america,outdoor,inland,1074,Excel Template Old_220_2018,-74.0060152,40.7127281,city,7,0.00651769087523278
hershey's,the hershey company,q1056637,true,123Forms Old,268,2019,candy wrapper,food packaging,o,multi-layer,531,null,268,9,2019-11-01,2019-11-01,2,new york,"",united states of america,north america,outdoor,inland,15,123Forms Old_268_2019,-74.0060152,40.7127281,city,7,0.466666666666667
hershey's,the hershey company,q1056637,true,Excel Template 2020,10,2021,chocolate wrappers,food packaging,pp,single-layer,71,no,258,12,2021-04-14,2021-04-24,2,bronx,new york,united states of america,north america,outdoor,coastal,905,Excel Template 2020_10_2021,-73.8785937,40.8466508,city,4,0.00441988950276243
jelly candy,jelly candy,jelly candy,false,Excel Template Old,220,2018,null,null,null,null,27,null,536,15,2018-09-16,2018-09-16,,new york,ny,united states of america,north america,outdoor,inland,1074,Excel Template Old_220_2018,-74.0060152,40.7127281,city,1,0.000931098696461825
jolly rancher,the hershey company,q1056637,false,Excel Template Old,220,2018,null,null,null,null,27,null,536,15,2018-09-16,2018-09-16,,new york,ny,united states of america,north america,outdoor,inland,1074,Excel Template Old_220_2018,-74.0060152,40.7127281,city,1,0.000931098696461825
jull,jull,jull,false,Excel Template Old,220,2018,null,null,o,null,27,null,536,15,2018-09-16,2018-09-16,,new york,ny,united states of america,north america,outdoor,inland,1074,Excel Template Old_220_2018,-74.0060152,40.7127281,city,1,0.000931098696461825
kellogg,kellogg's,q856897,true,Excel Template Old,220,2018,null,null,null,null,27,null,536,15,2018-09-16,2018-09-16,,new york,ny,united states of america,north america,outdoor,inland,1074,Excel Template Old_220_2018,-74.0060152,40.7127281,city,1,0.000931098696461825
kellogg,kellogg's,q856897,true,Excel Template Old,220,2018,null,null,o,null,27,null,536,15,2018-09-16,2018-09-16,,new york,ny,united states of america,north america,outdoor,inland,1074,Excel Template Old_220_2018,-74.0060152,40.7127281,city,1,0.000931098696461825
ketchup chefâ€™s quality,ketchup chefâ€™s quality,ketchup chefâ€™s quality,false,Excel Template Old,220,2018,null,null,null,null,27,null,536,15,2018-09-16,2018-09-16,,new york,ny,united states of america,north america,outdoor,inland,1074,Excel Template Old_220_2018,-74.0060152,40.7127281,city,6,0.00558659217877095
kind,kind snacks,q6330925,false,Excel Template Old,220,2018,null,null,null,null,27,null,536,15,2018-09-16,2018-09-16,,new york,ny,united states of america,north america,outdoor,inland,1074,Excel Template Old_220_2018,-74.0060152,40.7127281,city,3,0.00279329608938548
kind,kind snacks,q6330925,false,Excel Template Old,220,2018,null,null,o,null,27,null,536,15,2018-09-16,2018-09-16,,new york,ny,united states of america,north america,outdoor,inland,1074,Excel Template Old_220_2018,-74.0060152,40.7127281,city,2,0.00186219739292365
kirkland,costco,q715583,true,Excel Template Old,220,2018,null,null,null,null,27,null,536,15,2018-09-16,2018-09-16,,new york,ny,united states of america,north america,outdoor,inland,1074,Excel Template Old_220_2018,-74.0060152,40.7127281,city,1,0.000931098696461825
kirkland,costco,q715583,true,Excel Template Old,220,2018,null,null,pet,null,27,null,536,15,2018-09-16,2018-09-16,,new york,ny,united states of america,north america,outdoor,inland,1074,Excel Template Old_220_2018,-74.0060152,40.7127281,city,4,0.0037243947858473
little debbie,mckee foods,q6801733,false,Excel Template Old,220,2018,null,null,null,null,27,null,536,15,2018-09-16,2018-09-16,,new york,ny,united states of america,north america,outdoor,inland,1074,Excel Template Old_220_2018,-74.0060152,40.7127281,city,1,0.000931098696461825
lottery ticket,lottery ticket,lottery ticket,false,Excel Template Old,220,2018,null,null,null,null,27,null,536,15,2018-09-16,2018-09-16,,new york,ny,united states of america,north america,outdoor,inland,1074,Excel Template Old_220_2018,-74.0060152,40.7127281,city,33,0.0307262569832402
m&m,"mars, incorporated",q695087,true,Excel Template Old,220,2018,null,null,null,null,27,null,536,15,2018-09-16,2018-09-16,,new york,ny,united states of america,north america,outdoor,inland,1074,Excel Template Old_220_2018,-74.0060152,40.7127281,city,3,0.00279329608938548
malta india,malta india,malta india,false,Excel Template Old,220,2018,null,null,o,null,27,null,536,15,2018-09-16,2018-09-16,,new york,ny,united states of america,north america,outdoor,inland,1074,Excel Template Old_220_2018,-74.0060152,40.7127281,city,1,0.000931098696461825
manhattan mini storage,manhattan mini storage,manhattan mini storage,false,Excel Template Old,220,2018,null,null,null,null,27,null,536,15,2018-09-16,2018-09-16,,new york,ny,united states of america,north america,outdoor,inland,1074,Excel Template Old_220_2018,-74.0060152,40.7127281,city,1,0.000931098696461825
manner,"josef manner & comp ag, josef manner & comp ag, manner","josef manner & comp ag, josef manner & comp ag, manner",false,Excel Template Old,220,2018,null,null,null,null,27,null,536,15,2018-09-16,2018-09-16,,new york,ny,united states of america,north america,outdoor,inland,1074,Excel Template Old_220_2018,-74.0060152,40.7127281,city,1,0.000931098696461825
marlboro,altria,q445007,true,Excel Template Old,220,2018,null,null,null,null,27,null,536,15,2018-09-16,2018-09-16,,new york,ny,united states of america,north america,outdoor,inland,1074,Excel Template Old_220_2018,-74.0060152,40.7127281,city,15,0.0139664804469274
mcdonalds,mcdonald’s,q38076,true,Excel Template Old,220,2018,null,null,null,null,27,null,536,15,2018-09-16,2018-09-16,,new york,ny,united states of america,north america,outdoor,inland,1074,Excel Template Old_220_2018,-74.0060152,40.7127281,city,4,0.0037243947858473
mcdonalds,mcdonald’s,q38076,true,Excel Template Old,220,2018,null,null,ps,null,27,null,536,15,2018-09-16,2018-09-16,,new york,ny,united states of america,north america,outdoor,inland,1074,Excel Template Old_220_2018,-74.0060152,40.7127281,city,2,0.00186219739292365
michelob,anheuser-busch inbev,q128738,false,Excel Template Old,220,2018,null,null,o,null,27,null,536,15,2018-09-16,2018-09-16,,new york,ny,united states of america,north america,outdoor,inland,1074,Excel Template Old_220_2018,-74.0060152,40.7127281,city,1,0.000931098696461825
milky nutty,roshen,roshen,false,Excel Template Old,220,2018,null,null,null,null,27,null,536,15,2018-09-16,2018-09-16,,new york,ny,united states of america,north america,outdoor,inland,1074,Excel Template Old_220_2018,-74.0060152,40.7127281,city,1,0.000931098696461825
milky way,"mars, incorporated",q695087,true,Excel Template Old,220,2018,null,null,null,null,27,null,536,15,2018-09-16,2018-09-16,,new york,ny,united states of america,north america,outdoor,inland,1074,Excel Template Old_220_2018,-74.0060152,40.7127281,city,2,0.00186219739292365
monster,the coca-cola company,q3295867,true,Excel Template Old,220,2018,null,null,o,null,27,null,536,15,2018-09-16,2018-09-16,,new york,ny,united states of america,north america,outdoor,inland,1074,Excel Template Old_220_2018,-74.0060152,40.7127281,city,1,0.000931098696461825
myle,myle,myle,false,Excel Template Old,220,2018,null,null,null,null,27,null,536,15,2018-09-16,2018-09-16,,new york,ny,united states of america,north america,outdoor,inland,1074,Excel Template Old_220_2018,-74.0060152,40.7127281,city,1,0.000931098696461825
n283,n283,n283,false,Excel Template Old,220,2018,null,null,pp,null,27,null,536,15,2018-09-16,2018-09-16,,new york,ny,united states of america,north america,outdoor,inland,1074,Excel Template Old_220_2018,-74.0060152,40.7127281,city,37,0.0344506517690875
naked,pepsico,q334800,false,Excel Template Old,220,2018,null,null,pet,null,27,null,536,15,2018-09-16,2018-09-16,,new york,ny,united states of america,north america,outdoor,inland,1074,Excel Template Old_220_2018,-74.0060152,40.7127281,city,1,0.000931098696461825
natural american spirit,reynolds american,q947718,false,Excel Template Old,220,2018,null,null,o,null,27,null,536,15,2018-09-16,2018-09-16,,new york,ny,united states of america,north america,outdoor,inland,1074,Excel Template Old_220_2018,-74.0060152,40.7127281,city,1,0.000931098696461825
nature valley,general mills,q629998,true,Excel Template Old,220,2018,null,null,null,null,27,null,536,15,2018-09-16,2018-09-16,,new york,ny,united states of america,north america,outdoor,inland,1074,Excel Template Old_220_2018,-74.0060152,40.7127281,city,3,0.00279329608938548
nespresso,nestlé,q160746,false,Excel Template Old,220,2018,null,null,o,null,27,null,536,15,2018-09-16,2018-09-16,,new york,ny,united states of america,north america,outdoor,inland,1074,Excel Template Old_220_2018,-74.0060152,40.7127281,city,1,0.000931098696461825
newport,reynolds american,q947718,false,Excel Template Old,220,2018,null,null,null,null,27,null,536,15,2018-09-16,2018-09-16,,new york,ny,united states of america,north america,outdoor,inland,1074,Excel Template Old_220_2018,-74.0060152,40.7127281,city,12,0.0111731843575419
nsa supermarket,nsa supermarket,nsa supermarket,false,Excel Template Old,220,2018,null,null,ps,null,27,null,536,15,2018-09-16,2018-09-16,,new york,ny,united states of america,north america,outdoor,inland,1074,Excel Template Old_220_2018,-74.0060152,40.7127281,city,1,0.000931098696461825
oshibono,oshibono,oshibono,false,Excel Template Old,220,2018,null,null,null,null,27,null,536,15,2018-09-16,2018-09-16,,new york,ny,united states of america,north america,outdoor,inland,1074,Excel Template Old_220_2018,-74.0060152,40.7127281,city,1,0.000931098696461825
palma,palma,palma,false,Excel Template Old,220,2018,null,null,null,null,27,null,536,15,2018-09-16,2018-09-16,,new york,ny,united states of america,north america,outdoor,inland,1074,Excel Template Old_220_2018,-74.0060152,40.7127281,city,1,0.000931098696461825
parliament,altria,q445007,true,Excel Template Old,220,2018,null,null,null,null,27,null,536,15,2018-09-16,2018-09-16,,new york,ny,united states of america,north america,outdoor,inland,1074,Excel Template Old_220_2018,-74.0060152,40.7127281,city,1,0.000931098696461825
peanut chews,peanut chews,peanut chews,false,Excel Template Old,220,2018,null,null,null,null,27,null,536,15,2018-09-16,2018-09-16,,new york,ny,united states of america,north america,outdoor,inland,1074,Excel Template Old_220_2018,-74.0060152,40.7127281,city,1,0.000931098696461825
pepella,pepella,pepella,false,Excel Template Old,220,2018,null,null,null,null,27,null,536,15,2018-09-16,2018-09-16,,new york,ny,united states of america,north america,outdoor,inland,1074,Excel Template Old_220_2018,-74.0060152,40.7127281,city,1,0.000931098696461825
perrier,nestlé,q160746,false,Excel Template Old,220,2018,null,null,o,null,27,null,536,15,2018-09-16,2018-09-16,,new york,ny,united states of america,north america,outdoor,inland,1074,Excel Template Old_220_2018,-74.0060152,40.7127281,city,1,0.000931098696461825
pets n bags,pets n bags,pets n bags,false,Excel Template Old,220,2018,null,null,pp,null,27,null,536,15,2018-09-16,2018-09-16,,new york,ny,united states of america,north america,outdoor,inland,1074,Excel Template Old_220_2018,-74.0060152,40.7127281,city,1,0.000931098696461825
planters,berkshire hathaway,q217583,false,Excel Template Old,220,2018,null,null,null,null,27,null,536,15,2018-09-16,2018-09-16,,new york,ny,united states of america,north america,outdoor,inland,1074,Excel Template Old_220_2018,-74.0060152,40.7127281,city,2,0.00186219739292365
poland spring,nestlé,q160746,true,Excel Template Old,220,2018,null,null,o,null,27,null,536,15,2018-09-16,2018-09-16,,new york,ny,united states of america,north america,outdoor,inland,1074,Excel Template Old_220_2018,-74.0060152,40.7127281,city,10,0.00931098696461825
poland spring,nestlé,q160746,true,Excel Template Old,220,2018,null,null,pet,null,27,null,536,15,2018-09-16,2018-09-16,,new york,ny,united states of america,north america,outdoor,inland,1074,Excel Template Old_220_2018,-74.0060152,40.7127281,city,16,0.0148975791433892
poland spring,nestlé,q160746,true,Excel Template Old,220,2018,null,null,pp,null,27,null,536,15,2018-09-16,2018-09-16,,new york,ny,united states of america,north america,outdoor,inland,1074,Excel Template Old_220_2018,-74.0060152,40.7127281,city,13,0.0121042830540037
power pak,power pak,power pak,false,Excel Template Old,220,2018,null,null,o,null,27,null,536,15,2018-09-16,2018-09-16,,new york,ny,united states of america,north america,outdoor,inland,1074,Excel Template Old_220_2018,-74.0060152,40.7127281,city,1,0.000931098696461825
presidente,presidente,presidente,false,Excel Template Old,220,2018,null,null,o,null,27,null,536,15,2018-09-16,2018-09-16,,new york,ny,united states of america,north america,outdoor,inland,1074,Excel Template Old_220_2018,-74.0060152,40.7127281,city,1,0.000931098696461825
pure leaf,unilever,q157062,false,Excel Template Old,220,2018,null,null,pet,null,27,null,536,15,2018-09-16,2018-09-16,,new york,ny,united states of america,north america,outdoor,inland,1074,Excel Template Old_220_2018,-74.0060152,40.7127281,city,1,0.000931098696461825
pure leaf,unilever,q157062,false,Excel Template Old,220,2018,null,null,pp,null,27,null,536,15,2018-09-16,2018-09-16,,new york,ny,united states of america,north america,outdoor,inland,1074,Excel Template Old_220_2018,-74.0060152,40.7127281,city,1,0.000931098696461825
pure life,nestlé,q160746,false,Excel Template Old,220,2018,null,null,pet,null,27,null,536,15,2018-09-16,2018-09-16,,new york,ny,united states of america,north america,outdoor,inland,1074,Excel Template Old_220_2018,-74.0060152,40.7127281,city,1,0.000931098696461825
pure life,nestlé,q160746,false,Excel Template Old,220,2018,null,null,pp,null,27,null,536,15,2018-09-16,2018-09-16,,new york,ny,united states of america,north america,outdoor,inland,1074,Excel Template Old_220_2018,-74.0060152,40.7127281,city,1,0.000931098696461825
ralph & charlies,ralph & charlies,ralph & charlies,false,Excel Template Old,220,2018,null,null,o,null,27,null,536,15,2018-09-16,2018-09-16,,new york,ny,united states of america,north america,outdoor,inland,1074,Excel Template Old_220_2018,-74.0060152,40.7127281,city,2,0.00186219739292365
red bull,rauch,q613669,true,Excel Template Old,220,2018,null,null,o,null,27,null,536,15,2018-09-16,2018-09-16,,new york,ny,united states of america,north america,outdoor,inland,1074,Excel Template Old_220_2018,-74.0060152,40.7127281,city,2,0.00186219739292365
reese's pieces,the hershey company,q1056637,false,123Forms Old,268,2019,candy wrapper,food packaging,o,multi-layer,531,null,268,9,2019-11-01,2019-11-01,2,new york,"",united states of america,north america,outdoor,inland,15,123Forms Old_268_2019,-74.0060152,40.7127281,city,8,0.533333333333333
rite aid,rite aid,q3433273,false,Excel Template Old,220,2018,null,null,null,null,27,null,536,15,2018-09-16,2018-09-16,,new york,ny,united states of america,north america,outdoor,inland,1074,Excel Template Old_220_2018,-74.0060152,40.7127281,city,2,0.00186219739292365
rose basse,rose basse,rose basse,false,Excel Template Old,220,2018,null,null,o,null,27,null,536,15,2018-09-16,2018-09-16,,new york,ny,united states of america,north america,outdoor,inland,1074,Excel Template Old_220_2018,-74.0060152,40.7127281,city,1,0.000931098696461825
schweppes,jab holding company,q1691896,true,Excel Template Old,220,2018,null,null,pet,null,27,null,536,15,2018-09-16,2018-09-16,,new york,ny,united states of america,north america,outdoor,inland,1074,Excel Template Old_220_2018,-74.0060152,40.7127281,city,1,0.000931098696461825
schweppes,jab holding company,q1691896,true,Excel Template Old,220,2018,null,null,pp,null,27,null,536,15,2018-09-16,2018-09-16,,new york,ny,united states of america,north america,outdoor,inland,1074,Excel Template Old_220_2018,-74.0060152,40.7127281,city,1,0.000931098696461825
shop rite,shop rite,shop rite,false,Excel Template Old,220,2018,null,null,o,null,27,null,536,15,2018-09-16,2018-09-16,,new york,ny,united states of america,north america,outdoor,inland,1074,Excel Template Old_220_2018,-74.0060152,40.7127281,city,1,0.000931098696461825
simply orange,the coca-cola company,q3295867,false,Excel Template Old,220,2018,null,null,pet,null,27,null,536,15,2018-09-16,2018-09-16,,new york,ny,united states of america,north america,outdoor,inland,1074,Excel Template Old_220_2018,-74.0060152,40.7127281,city,2,0.00186219739292365
simply orange,the coca-cola company,q3295867,false,Excel Template Old,220,2018,null,null,pp,null,27,null,536,15,2018-09-16,2018-09-16,,new york,ny,united states of america,north america,outdoor,inland,1074,Excel Template Old_220_2018,-74.0060152,40.7127281,city,1,0.000931098696461825
skittles,"mars, incorporated",q695087,true,Excel Template Old,220,2018,null,null,null,null,27,null,536,15,2018-09-16,2018-09-16,,new york,ny,united states of america,north america,outdoor,inland,1074,Excel Template Old_220_2018,-74.0060152,40.7127281,city,3,0.00279329608938548
smartshake,smartshake,smartshake,false,Excel Template Old,220,2018,null,null,pp,null,27,null,536,15,2018-09-16,2018-09-16,,new york,ny,united states of america,north america,outdoor,inland,1074,Excel Template Old_220_2018,-74.0060152,40.7127281,city,1,0.000931098696461825
snackwells,b&g foods,b&g foods,false,Excel Template Old,220,2018,null,null,null,null,27,null,536,15,2018-09-16,2018-09-16,,new york,ny,united states of america,north america,outdoor,inland,1074,Excel Template Old_220_2018,-74.0060152,40.7127281,city,1,0.000931098696461825
snapple,jab holding company,q1691896,false,Excel Template Old,220,2018,null,null,hdpe,null,27,null,536,15,2018-09-16,2018-09-16,,new york,ny,united states of america,north america,outdoor,inland,1074,Excel Template Old_220_2018,-74.0060152,40.7127281,city,1,0.000931098696461825
snapple,jab holding company,q1691896,false,Excel Template Old,220,2018,null,null,o,null,27,null,536,15,2018-09-16,2018-09-16,,new york,ny,united states of america,north america,outdoor,inland,1074,Excel Template Old_220_2018,-74.0060152,40.7127281,city,1,0.000931098696461825
snapple,jab holding company,q1691896,false,Excel Template Old,220,2018,null,null,pet,null,27,null,536,15,2018-09-16,2018-09-16,,new york,ny,united states of america,north america,outdoor,inland,1074,Excel Template Old_220_2018,-74.0060152,40.7127281,city,1,0.000931098696461825
sneakers,sneakers,sneakers,false,Excel Template Old,220,2018,null,null,null,null,27,null,536,15,2018-09-16,2018-09-16,,new york,ny,united states of america,north america,outdoor,inland,1074,Excel Template Old_220_2018,-74.0060152,40.7127281,city,1,0.000931098696461825
soft & comfy tissues,soft & comfy tissues,soft & comfy tissues,false,Excel Template Old,220,2018,null,null,null,null,27,null,536,15,2018-09-16,2018-09-16,,new york,ny,united states of america,north america,outdoor,inland,1074,Excel Template Old_220_2018,-74.0060152,40.7127281,city,1,0.000931098696461825
solo,asahi group holdings,q11283168,true,Excel Template Old,220,2018,null,null,null,null,27,null,536,15,2018-09-16,2018-09-16,,new york,ny,united states of america,north america,outdoor,inland,1074,Excel Template Old_220_2018,-74.0060152,40.7127281,city,2,0.00186219739292365
solo,asahi group holdings,q11283168,true,Excel Template Old,220,2018,null,null,pet,null,27,null,536,15,2018-09-16,2018-09-16,,new york,ny,united states of america,north america,outdoor,inland,1074,Excel Template Old_220_2018,-74.0060152,40.7127281,city,3,0.00279329608938548
solo,asahi group holdings,q11283168,true,Excel Template Old,220,2018,null,null,pp,null,27,null,536,15,2018-09-16,2018-09-16,,new york,ny,united states of america,north america,outdoor,inland,1074,Excel Template Old_220_2018,-74.0060152,40.7127281,city,3,0.00279329608938548
solo,asahi group holdings,q11283168,true,Excel Template Old,220,2018,null,null,ps,null,27,null,536,15,2018-09-16,2018-09-16,,new york,ny,united states of america,north america,outdoor,inland,1074,Excel Template Old_220_2018,-74.0060152,40.7127281,city,10,0.00931098696461825
sour patch kids,mondelez international,q12857502,false,Excel Template Old,220,2018,null,null,null,null,27,null,536,15,2018-09-16,2018-09-16,,new york,ny,united states of america,north america,outdoor,inland,1074,Excel Template Old_220_2018,-74.0060152,40.7127281,city,1,0.000931098696461825
sprite,the coca-cola company,q3295867,true,Excel Template Old,220,2018,null,null,o,null,27,null,536,15,2018-09-16,2018-09-16,,new york,ny,united states of america,north america,outdoor,inland,1074,Excel Template Old_220_2018,-74.0060152,40.7127281,city,1,0.000931098696461825
starbucks,starbucks,q37158,true,Excel Template Old,220,2018,null,null,null,null,27,null,536,15,2018-09-16,2018-09-16,,new york,ny,united states of america,north america,outdoor,inland,1074,Excel Template Old_220_2018,-74.0060152,40.7127281,city,6,0.00558659217877095
starbucks,starbucks,q37158,true,Excel Template Old,220,2018,null,null,o,null,27,null,536,15,2018-09-16,2018-09-16,,new york,ny,united states of america,north america,outdoor,inland,1074,Excel Template Old_220_2018,-74.0060152,40.7127281,city,4,0.0037243947858473
starbucks,starbucks,q37158,true,Excel Template Old,220,2018,null,null,pet,null,27,null,536,15,2018-09-16,2018-09-16,,new york,ny,united states of america,north america,outdoor,inland,1074,Excel Template Old_220_2018,-74.0060152,40.7127281,city,1,0.000931098696461825
starbucks,starbucks,q37158,true,Excel Template Old,220,2018,null,null,ps,null,27,null,536,15,2018-09-16,2018-09-16,,new york,ny,united states of america,north america,outdoor,inland,1074,Excel Template Old_220_2018,-74.0060152,40.7127281,city,3,0.00279329608938548
stolichnaya,stolichnaya,stolichnaya,false,Excel Template Old,220,2018,null,null,pet,null,27,null,536,15,2018-09-16,2018-09-16,,new york,ny,united states of america,north america,outdoor,inland,1074,Excel Template Old_220_2018,-74.0060152,40.7127281,city,2,0.00186219739292365
swedish fish,mondelez international,q12857502,false,Excel Template Old,220,2018,null,null,null,null,27,null,536,15,2018-09-16,2018-09-16,,new york,ny,united states of america,north america,outdoor,inland,1074,Excel Template Old_220_2018,-74.0060152,40.7127281,city,1,0.000931098696461825
talenti,unilever,q157062,false,Excel Template 2020,10,2021,ice cream container,food packaging,hdpe,single-layer,71,no,258,12,2021-04-14,2021-04-24,2,bronx,new york,united states of america,north america,outdoor,coastal,905,Excel Template 2020_10_2021,-73.8785937,40.8466508,city,1,0.00110497237569061
ticonderoga,ticonderoga,ticonderoga,false,Excel Template Old,220,2018,null,null,o,null,27,null,536,15,2018-09-16,2018-09-16,,new york,ny,united states of america,north america,outdoor,inland,1074,Excel Template Old_220_2018,-74.0060152,40.7127281,city,1,0.000931098696461825
tj maxx,t.j. maxx,q10860683,false,Excel Template Old,220,2018,null,null,null,null,27,null,536,15,2018-09-16,2018-09-16,,new york,ny,united states of america,north america,outdoor,inland,1074,Excel Template Old_220_2018,-74.0060152,40.7127281,city,1,0.000931098696461825
tootsie roll,tootsie roll industries,q7824332,false,Excel Template Old,220,2018,null,null,null,null,27,null,536,15,2018-09-16,2018-09-16,,new york,ny,united states of america,north america,outdoor,inland,1074,Excel Template Old_220_2018,-74.0060152,40.7127281,city,1,0.000931098696461825
trident,mondelez international,q12857502,true,Excel Template Old,220,2018,null,null,o,null,27,null,536,15,2018-09-16,2018-09-16,,new york,ny,united states of america,north america,outdoor,inland,1074,Excel Template Old_220_2018,-74.0060152,40.7127281,city,1,0.000931098696461825
tropicana,pepsico,q334800,true,Excel Template Old,220,2018,null,null,pet,null,27,null,536,15,2018-09-16,2018-09-16,,new york,ny,united states of america,north america,outdoor,inland,1074,Excel Template Old_220_2018,-74.0060152,40.7127281,city,3,0.00279329608938548
tropicana,pepsico,q334800,true,Excel Template Old,220,2018,null,null,pp,null,27,null,536,15,2018-09-16,2018-09-16,,new york,ny,united states of america,north america,outdoor,inland,1074,Excel Template Old_220_2018,-74.0060152,40.7127281,city,2,0.00186219739292365
turbana,goodness,goodness,false,Excel Template Old,220,2018,null,null,null,null,27,null,536,15,2018-09-16,2018-09-16,,new york,ny,united states of america,north america,outdoor,inland,1074,Excel Template Old_220_2018,-74.0060152,40.7127281,city,1,0.000931098696461825
unknown,unbranded,unbranded,true,Excel Template 2020,10,2021,bottle caps,food packaging,ldpe,single-layer,71,no,258,12,2021-04-14,2021-04-24,2,bronx,new york,united states of america,north america,outdoor,coastal,905,Excel Template 2020_10_2021,-73.8785937,40.8466508,city,149,0.164640883977901
unknown,unbranded,unbranded,true,Excel Template 2020,10,2021,cup lids,food packaging,ps,single-layer,71,no,258,12,2021-04-14,2021-04-24,2,bronx,new york,united states of america,north america,outdoor,coastal,905,Excel Template 2020_10_2021,-73.8785937,40.8466508,city,11,0.0121546961325967
unknown,unbranded,unbranded,true,Excel Template 2020,10,2021,cups,food packaging,o,multi-layer,71,no,258,12,2021-04-14,2021-04-24,2,bronx,new york,united states of america,north america,outdoor,coastal,905,Excel Template 2020_10_2021,-73.8785937,40.8466508,city,12,0.0132596685082873
unknown,unbranded,unbranded,true,Excel Template 2020,10,2021,mask,personal care,ldpe,multi-layer,71,no,258,12,2021-04-14,2021-04-24,2,bronx,new york,united states of america,north america,outdoor,coastal,905,Excel Template 2020_10_2021,-73.8785937,40.8466508,city,6,0.00662983425414365
unknown,unbranded,unbranded,true,Excel Template 2020,10,2021,null,household products,pvc,single-layer,71,no,258,12,2021-04-14,2021-04-24,2,bronx,new york,united states of america,north america,outdoor,coastal,905,Excel Template 2020_10_2021,-73.8785937,40.8466508,city,83,0.0917127071823204
unknown,unbranded,unbranded,true,Excel Template 2020,10,2021,null,other,ps,unsure,71,no,258,12,2021-04-14,2021-04-24,2,bronx,new york,united states of america,north america,outdoor,coastal,905,Excel Template 2020_10_2021,-73.8785937,40.8466508,city,42,0.0464088397790055
unknown,unbranded,unbranded,true,Excel Template 2020,10,2021,null,packaging materials,ldpe,single-layer,71,no,258,12,2021-04-14,2021-04-24,2,bronx,new york,united states of america,north america,outdoor,coastal,905,Excel Template 2020_10_2021,-73.8785937,40.8466508,city,65,0.0718232044198895
unknown,unbranded,unbranded,true,Excel Template 2020,10,2021,null,packaging materials,o,multi-layer,71,no,258,12,2021-04-14,2021-04-24,2,bronx,new york,united states of america,north america,outdoor,coastal,905,Excel Template 2020_10_2021,-73.8785937,40.8466508,city,65,0.0718232044198895
unknown,unbranded,unbranded,true,Excel Template 2020,10,2021,null,smoking materials,o,unsure,71,no,258,12,2021-04-14,2021-04-24,2,bronx,new york,united states of america,north america,outdoor,coastal,905,Excel Template 2020_10_2021,-73.8785937,40.8466508,city,39,0.0430939226519337
unknown,unbranded,unbranded,true,Excel Template 2020,10,2021,pen,household products,ldpe,single-layer,71,no,258,12,2021-04-14,2021-04-24,2,bronx,new york,united states of america,north america,outdoor,coastal,905,Excel Template 2020_10_2021,-73.8785937,40.8466508,city,8,0.00883977900552486
unknown,unbranded,unbranded,true,Excel Template 2020,10,2021,plastic cups,food packaging,ps,single-layer,71,no,258,12,2021-04-14,2021-04-24,2,bronx,new york,united states of america,north america,outdoor,coastal,905,Excel Template 2020_10_2021,-73.8785937,40.8466508,city,11,0.0121546961325967
unknown,unbranded,unbranded,true,Excel Template 2020,10,2021,plastic straws,food packaging,pp,single-layer,71,no,258,12,2021-04-14,2021-04-24,2,bronx,new york,united states of america,north america,outdoor,coastal,905,Excel Template 2020_10_2021,-73.8785937,40.8466508,city,51,0.056353591160221
unknown,unbranded,unbranded,true,Excel Template 2020,10,2021,plastic utensils,food packaging,ps,single-layer,71,no,258,12,2021-04-14,2021-04-24,2,bronx,new york,united states of america,north america,outdoor,coastal,905,Excel Template 2020_10_2021,-73.8785937,40.8466508,city,99,0.10939226519337
unknown,unbranded,unbranded,true,Excel Template 2020,10,2021,small plastic pieces,other,o,unsure,71,no,258,12,2021-04-14,2021-04-24,2,bronx,new york,united states of america,north america,outdoor,coastal,905,Excel Template 2020_10_2021,-73.8785937,40.8466508,city,252,0.278453038674033
unknown,unbranded,unbranded,true,Excel Template 2020,10,2021,watter bottle,food packaging,pet,single-layer,71,no,258,12,2021-04-14,2021-04-24,2,bronx,new york,united states of america,north america,outdoor,coastal,905,Excel Template 2020_10_2021,-73.8785937,40.8466508,city,5,0.00552486187845304
unknown,unbranded,unbranded,true,Excel Template Old,220,2018,null,null,null,null,27,null,536,15,2018-09-16,2018-09-16,,new york,ny,united states of america,north america,outdoor,inland,1074,Excel Template Old_220_2018,-74.0060152,40.7127281,city,89,0.0828677839851024
unknown,unbranded,unbranded,true,Excel Template Old,220,2018,null,null,o,null,27,null,536,15,2018-09-16,2018-09-16,,new york,ny,united states of america,north america,outdoor,inland,1074,Excel Template Old_220_2018,-74.0060152,40.7127281,city,516,0.480446927374302
unknown,unbranded,unbranded,true,Excel Template Old,220,2018,null,null,pet,null,27,null,536,15,2018-09-16,2018-09-16,,new york,ny,united states of america,north america,outdoor,inland,1074,Excel Template Old_220_2018,-74.0060152,40.7127281,city,8,0.0074487895716946
unknown,unbranded,unbranded,true,Excel Template Old,220,2018,null,null,pp,null,27,null,536,15,2018-09-16,2018-09-16,,new york,ny,united states of america,north america,outdoor,inland,1074,Excel Template Old_220_2018,-74.0060152,40.7127281,city,17,0.015828677839851
unknown,unbranded,unbranded,true,Excel Template Old,220,2018,null,null,ps,null,27,null,536,15,2018-09-16,2018-09-16,,new york,ny,united states of america,north america,outdoor,inland,1074,Excel Template Old_220_2018,-74.0060152,40.7127281,city,43,0.0400372439478585
unknown,unbranded,unbranded,true,Excel Template Old,220,2018,null,null,pvc,null,27,null,536,15,2018-09-16,2018-09-16,,new york,ny,united states of america,north america,outdoor,inland,1074,Excel Template Old_220_2018,-74.0060152,40.7127281,city,1,0.000931098696461825
v8 splash,campbell soup company,campbell soup company,false,Excel Template Old,220,2018,null,null,pet,null,27,null,536,15,2018-09-16,2018-09-16,,new york,ny,united states of america,north america,outdoor,inland,1074,Excel Template Old_220_2018,-74.0060152,40.7127281,city,1,0.000931098696461825
v8 splash,campbell soup company,campbell soup company,false,Excel Template Old,220,2018,null,null,pp,null,27,null,536,15,2018-09-16,2018-09-16,,new york,ny,united states of america,north america,outdoor,inland,1074,Excel Template Old_220_2018,-74.0060152,40.7127281,city,1,0.000931098696461825
victoriaâ€™s secret,victoriaâ€™s secret,victoriaâ€™s secret,false,Excel Template Old,220,2018,null,null,hdpe,null,27,null,536,15,2018-09-16,2018-09-16,,new york,ny,united states of america,north america,outdoor,inland,1074,Excel Template Old_220_2018,-74.0060152,40.7127281,city,1,0.000931098696461825
wellsley farms,"bj's, bj's wholesale club, wellsley farms","bj's, bj's wholesale club, wellsley farms",false,Excel Template Old,220,2018,null,null,pp,null,27,null,536,15,2018-09-16,2018-09-16,,new york,ny,united states of america,north america,outdoor,inland,1074,Excel Template Old_220_2018,-74.0060152,40.7127281,city,2,0.00186219739292365
welsch,welsch,welsch,false,Excel Template Old,220,2018,null,null,pet,null,27,null,536,15,2018-09-16,2018-09-16,,new york,ny,united states of america,north america,outdoor,inland,1074,Excel Template Old_220_2018,-74.0060152,40.7127281,city,2,0.00186219739292365
werterâ€™s originals,august storck kg,august storck kg,false,Excel Template Old,220,2018,null,null,null,null,27,null,536,15,2018-09-16,2018-09-16,,new york,ny,united states of america,north america,outdoor,inland,1074,Excel Template Old_220_2018,-74.0060152,40.7127281,city,1,0.000931098696461825
whole foods,amazon,q3884,false,Excel Template Old,220,2018,null,null,null,null,27,null,536,15,2018-09-16,2018-09-16,,new york,ny,united states of america,north america,outdoor,inland,1074,Excel Template Old_220_2018,-74.0060152,40.7127281,city,1,0.000931098696461825
whole foods,amazon,q3884,false,Excel Template Old,220,2018,null,null,o,null,27,null,536,15,2018-09-16,2018-09-16,,new york,ny,united states of america,north america,outdoor,inland,1074,Excel Template Old_220_2018,-74.0060152,40.7127281,city,1,0.000931098696461825
wolswagen,wolswagen,wolswagen,false,Excel Template Old,220,2018,null,null,o,null,27,null,536,15,2018-09-16,2018-09-16,,new york,ny,united states of america,north america,outdoor,inland,1074,Excel Template Old_220_2018,-74.0060152,40.7127281,city,1,0.000931098696461825
wrigley's,"mars, incorporated",q695087,true,Excel Template Old,220,2018,null,null,o,null,27,null,536,15,2018-09-16,2018-09-16,,new york,ny,united states of america,north america,outdoor,inland,1074,Excel Template Old_220_2018,-74.0060152,40.7127281,city,1,0.000931098696461825
yipin hot sauce,yipin hot sauce,yipin hot sauce,false,Excel Template Old,220,2018,null,null,null,null,27,null,536,15,2018-09-16,2018-09-16,,new york,ny,united states of america,north america,outdoor,inland,1074,Excel Template Old_220_2018,-74.0060152,40.7127281,city,1,0.000931098696461825
zip lock,zip lock,zip lock,false,Excel Template Old,220,2018,null,null,null,null,27,null,536,15,2018-09-16,2018-09-16,,new york,ny,united states of america,north america,outdoor,inland,1074,Excel Template Old_220_2018,-74.0060152,40.7127281,city,3,0.00279329608938548
